video_name,frame_idx,prompt_type,cosine,jaccard,bleu,meteor,rouge_l,bert
Idle,114,blank,0.3927251696586609,0.1111111111111111,0.004828608369134855,0.23255813953488372,0.16494845360824742,0.8531895279884338
Idle,114,determine,0.48301902413368225,0.12790697674418605,0.006709600972208151,0.2894831730769231,0.14754098360655737,0.8444064855575562
Idle,114,body,0.40954315662384033,0.029333333333333333,0.00323519478473232,0.12536873156342182,0.0498960498960499,0.8151512742042542
Idle,114,context,0.4911010265350342,0.1125,0.004302916466251939,0.2716960570636021,0.13725490196078433,0.8602197766304016
Idle,114,objective,0.6472514867782593,0.12643678160919541,0.006736265445287176,0.27732779508480443,0.15652173913043477,0.8547244668006897
Idle,122,blank,0.3541220426559448,0.125,0.01982197970519873,0.2752592840414854,0.21782178217821785,0.8483425974845886
Idle,122,determine,0.5256904363632202,0.10144927536231885,0.008907530052738092,0.24843340815563042,0.15217391304347827,0.846415102481842
Idle,122,body,0.43606680631637573,0.04824561403508772,0.005272859156973561,0.19553244200569198,0.07096774193548387,0.8295983076095581
Idle,122,context,0.502251923084259,0.15384615384615385,0.010237869503610934,0.3453166477057262,0.1590909090909091,0.8607476353645325
Idle,122,objective,0.6393865942955017,0.096,0.005449083627145391,0.2686583959265198,0.12121212121212122,0.8452461957931519
Idle,130,blank,0.39733171463012695,0.11940298507462686,0.005060454076656144,0.2181208053691275,0.14893617021276595,0.8466091156005859
Idle,130,determine,0.5173255801200867,0.1111111111111111,0.006295275673009761,0.27058426207362374,0.126984126984127,0.8411182165145874
Idle,130,body,0.3327440023422241,0.039525691699604744,0.0044477519065458625,0.14395393474088292,0.07250755287009063,0.8180757761001587
Idle,130,context,0.6318264007568359,0.16129032258064516,0.006170031539043551,0.2738740959894806,0.1728395061728395,0.871063768863678
Idle,130,objective,0.6980068683624268,0.1625,0.009310138435943369,0.3707622966882227,0.20560747663551404,0.8550515174865723
Idle,138,blank,0.3618730902671814,0.11267605633802817,0.004828608369134855,0.23255813953488372,0.16666666666666666,0.8488693237304688
Idle,138,determine,0.44593191146850586,0.03982300884955752,0.002751697260208147,0.1721899849559424,0.062111801242236024,0.8148766160011292
Idle,138,body,0.4075525403022766,0.07142857142857142,0.007206650813186752,0.22670368975903615,0.10909090909090909,0.8366629481315613
Idle,138,context,0.5659804344177246,0.10101010101010101,0.0035026270829233708,0.2697643097643097,0.12903225806451613,0.851545512676239
Idle,138,objective,0.5568797588348389,0.08783783783783784,0.003671660862517685,0.2696898190896345,0.08780487804878048,0.8394837975502014
Idle,146,blank,0.34720033407211304,0.11428571428571428,0.008998901289965153,0.2304620333906484,0.15053763440860216,0.8374922871589661
Idle,146,determine,0.5137628316879272,0.07236842105263158,0.003695240867306231,0.20100502512562818,0.10050251256281408,0.8282069563865662
Idle,146,body,0.4504951238632202,0.029177718832891247,0.0031990471300605157,0.13909224011713034,0.057494866529774126,0.8141553401947021
Idle,146,context,0.5697823762893677,0.088,0.004531953253543432,0.23097826086956522,0.10909090909090909,0.8454224467277527
Idle,146,objective,0.6433913707733154,0.0967741935483871,0.006364037606909632,0.2575278577688744,0.126984126984127,0.8404800891876221
Idle,154,blank,0.3972504436969757,0.11940298507462686,0.005060454076656144,0.2181208053691275,0.14893617021276595,0.8480945229530334
Idle,154,determine,0.4945126175880432,0.06870229007633588,0.0038014332147355613,0.1937984496124031,0.0851063829787234,0.8298595547676086
Idle,154,body,0.26738420128822327,0.02932551319648094,0.0030933694086536395,0.1238390092879257,0.043103448275862065,0.8096737265586853
Idle,154,context,0.6318264007568359,0.16129032258064516,0.006170031539043551,0.2738740959894806,0.1728395061728395,0.871063768863678
Idle,154,objective,0.6653316617012024,0.11428571428571428,0.00952741110691353,0.20477815699658702,0.1411764705882353,0.8539997339248657
Idle,162,blank,0.3974839448928833,0.11428571428571428,0.010211263463863605,0.24513196751568847,0.16666666666666666,0.8488669991493225
Idle,162,determine,0.5532208681106567,0.09482758620689655,0.012161116378414943,0.308312145137548,0.15757575757575756,0.8494443297386169
Idle,162,body,0.3777199387550354,0.06944444444444445,0.008011703629408099,0.20304568527918782,0.12682926829268293,0.8285561203956604
Idle,162,context,0.6252483129501343,0.10185185185185185,0.005337707410564663,0.2848705405082925,0.1379310344827586,0.8493636250495911
Idle,162,objective,0.6485390663146973,0.13253012048192772,0.007191811551086733,0.33356191222570536,0.12389380530973454,0.8544992208480835
Idle,170,blank,0.4170016646385193,0.11764705882352941,0.005060454076656144,0.2181208053691275,0.1702127659574468,0.8532264828681946
Idle,170,determine,0.5560648441314697,0.04564315352697095,0.002611967735201765,0.15564202334630353,0.06832298136645963,0.8124167323112488
Idle,170,body,0.3736116290092468,0.030821917808219176,0.0041657661878332095,0.13377926421404684,0.05911330049261084,0.8201256394386292
Idle,170,context,0.4389808773994446,0.08695652173913043,0.006364037606909632,0.2730743012951602,0.11864406779661017,0.8541368842124939
Idle,170,objective,0.5564095973968506,0.04697986577181208,0.003639844983313143,0.16666666666666669,0.08290155440414508,0.8306087851524353
Idle,178,blank,0.39182013273239136,0.0945945945945946,0.007865875418572421,0.24034111473036557,0.1553398058252427,0.8381937742233276
Idle,178,determine,0.47113150358200073,0.0891089108910891,0.005847091904844822,0.2513595258462666,0.10769230769230768,0.8416006565093994
Idle,178,body,0.3806406259536743,0.05970149253731343,0.0059089036005007,0.17489711934156377,0.09302325581395347,0.8252965807914734
Idle,178,context,0.5450308322906494,0.08823529411764706,0.005357656987495008,0.2518249905195298,0.13793103448275865,0.8624001741409302
Idle,178,objective,0.542722225189209,0.056338028169014086,0.0037365903194695117,0.18134715025906736,0.07650273224043716,0.8382832407951355
Stop + drive,87,blank,0.4110236167907715,0.1414141414141414,0.0038878973833079374,0.19848771266540643,0.12162162162162164,0.8440677523612976
Stop + drive,87,determine,0.39292460680007935,0.09523809523809523,0.004891943131682034,0.2346936026936028,0.10138248847926268,0.8328841924667358
Stop + drive,87,body,0.3570796251296997,0.06989247311827956,0.003955417011557997,0.18876115847182762,0.09230769230769231,0.831669807434082
Stop + drive,87,context,0.4602952003479004,0.10638297872340426,0.00665099622443476,0.13409961685823754,0.17266187050359713,0.8418152928352356
Stop + drive,87,objective,0.472105473279953,0.1044776119402985,0.011037856741657115,0.08421052631578947,0.10989010989010989,0.8452033400535583
Stop + drive,95,blank,0.45341047644615173,0.15476190476190477,0.009962955016182197,0.19138020868124675,0.14173228346456695,0.8509852886199951
Stop + drive,95,determine,0.29357194900512695,0.20689655172413793,0.012321967186170284,0.17526948148779342,0.20689655172413793,0.8610480427742004
Stop + drive,95,body,0.3716106414794922,0.06620209059233449,0.0028786555388710584,0.24185612146529564,0.08759124087591241,0.8207244277000427
Stop + drive,95,context,0.488395094871521,0.08,0.004715605625161669,0.18272425249169436,0.10138248847926266,0.8311935663223267
Stop + drive,95,objective,0.47974061965942383,0.12162162162162163,0.010329222874429908,0.11133603238866396,0.11650485436893204,0.8429967761039734
Stop + drive,103,blank,0.40529146790504456,0.1744186046511628,0.008981715490852294,0.1484375,0.14492753623188406,0.8480786681175232
Stop + drive,103,determine,0.19066065549850464,0.08490566037735849,0.003859341792359366,0.11432926829268292,0.11764705882352941,0.827472984790802
Stop + drive,103,body,0.3759271204471588,0.06787330316742081,0.003821826155381399,0.19088669950738918,0.09287925696594428,0.8204110860824585
Stop + drive,103,context,0.49898427724838257,0.07920792079207921,0.003477494022430394,0.16875,0.09836065573770492,0.8133997917175293
Stop + drive,103,objective,0.47738540172576904,0.10526315789473684,0.005763274600205838,0.14978601997146931,0.10526315789473684,0.8135678172111511
Stop + drive,111,blank,0.36635249853134155,0.12345679012345678,0.009168701224884352,0.11664074650077762,0.15267175572519084,0.8341823816299438
Stop + drive,111,determine,0.3479453921318054,0.0958904109589041,0.0024499692837476926,0.16415868673050615,0.11353711790393012,0.821808397769928
Stop + drive,111,body,0.3785898685455322,0.07216494845360824,0.005845906548647337,0.2147761494017933,0.08866995073891626,0.8254703879356384
Stop + drive,111,context,0.5308773517608643,0.07586206896551724,0.004922615123948183,0.14246947082767975,0.11158798283261802,0.8266739845275879
Stop + drive,111,objective,0.4903435707092285,0.07643312101910828,0.0046400414572186025,0.16644474034620507,0.12396694214876032,0.8212862610816956
Stop + drive,119,blank,0.3748418092727661,0.1111111111111111,0.0048684896849112156,0.11094674556213016,0.13533834586466165,0.8514102101325989
Stop + drive,119,determine,0.4850233495235443,0.0972972972972973,0.002136132223341376,0.2230435352964997,0.1076923076923077,0.841651439666748
Stop + drive,119,body,0.42029452323913574,0.11450381679389313,0.006313839777387303,0.21992721330956624,0.16267942583732056,0.8461243510246277
Stop + drive,119,context,0.51287841796875,0.1506849315068493,0.020220590930745047,0.14211787197885198,0.1864406779661017,0.8551986217498779
Stop + drive,119,objective,0.5748499631881714,0.0967741935483871,0.005250807347231957,0.11643835616438357,0.11702127659574468,0.8323513865470886
Stop + drive,127,blank,0.3389483690261841,0.14173228346456693,0.0065420119099879595,0.16414141414141414,0.13725490196078433,0.8426893949508667
Stop + drive,127,determine,0.42927536368370056,0.14754098360655737,0.0028597556888467776,0.09312320916905444,0.169811320754717,0.8577638864517212
Stop + drive,127,body,0.4071705937385559,0.125,0.009578050055371967,0.23617511520737328,0.13194444444444445,0.8333221673965454
Stop + drive,127,context,0.5077632665634155,0.1079136690647482,0.005760437413803092,0.19088669950738918,0.15315315315315314,0.8354955911636353
Stop + drive,127,objective,0.5206708312034607,0.0948905109489051,0.005881388450758426,0.1435705368289638,0.11320754716981132,0.8245412707328796
Stop + drive,135,blank,0.45275190472602844,0.15447154471544716,0.02871107011724768,0.2881335282651073,0.16080402010050251,0.8508582711219788
Stop + drive,135,determine,0.4236155152320862,0.09774436090225563,0.004953453280849125,0.19966722129783696,0.1256544502617801,0.8329309225082397
Stop + drive,135,body,0.3528764247894287,0.05571847507331378,0.00183950098252389,0.18235294117647063,0.06837606837606838,0.8089710474014282
Stop + drive,135,context,0.6075997352600098,0.17647058823529413,0.02632054780919334,0.2552255985267035,0.18181818181818185,0.8530158400535583
Stop + drive,135,objective,0.5856892466545105,0.09917355371900827,0.005296690660673043,0.177482280690685,0.12790697674418602,0.8324834108352661
Stop + drive,143,blank,0.42638641595840454,0.12048192771084337,0.024333527404832793,0.2515194223050623,0.16867469879518068,0.8354048728942871
Stop + drive,143,determine,0.42142245173454285,0.0684931506849315,0.003320804272087404,0.20961775585696668,0.10778443113772455,0.8244082927703857
Stop + drive,143,body,0.42733097076416016,0.08936170212765958,0.003919825195915363,0.2421307506053269,0.11235955056179775,0.8307993412017822
Stop + drive,143,context,0.6203990578651428,0.12037037037037036,0.015321552686430763,0.2191798749454704,0.17964071856287422,0.8408647179603577
Stop + drive,143,objective,0.5445857644081116,0.1015625,0.012833004276246169,0.18366401895671328,0.14772727272727273,0.8386631608009338
Stop + drive,151,blank,0.40319958329200745,0.1532258064516129,0.01749763078257038,0.25321264733537846,0.16129032258064516,0.8457829356193542
Stop + drive,151,determine,0.5024932622909546,0.12745098039215685,0.003990219589475152,0.18739352640545145,0.1476510067114094,0.8514781594276428
Stop + drive,151,body,0.4553432762622833,0.04519774011299435,0.0024231336796784663,0.16574585635359113,0.06597938144329897,0.8067557215690613
Stop + drive,151,context,0.6225298643112183,0.10144927536231885,0.004670075371397677,0.21196164125481945,0.1218274111675127,0.8491701483726501
Stop + drive,151,objective,0.6275879144668579,0.1743119266055046,0.034202077959679056,0.24472544683987474,0.16666666666666669,0.8419170379638672
Stop + drive,159,blank,0.4561234712600708,0.1743119266055046,0.03842491104003593,0.2559575659532105,0.16470588235294117,0.8592658638954163
Stop + drive,159,determine,0.40295636653900146,0.0748663101604278,0.001964025373392873,0.18317503392130258,0.0963855421686747,0.8314557671546936
Stop + drive,159,body,0.45548176765441895,0.058823529411764705,0.004950936995704818,0.214470851631792,0.0709812108559499,0.8212496638298035
Stop + drive,159,context,0.5837021470069885,0.09183673469387756,0.007628670307350822,0.11980830670926518,0.12765957446808512,0.8492326140403748
Stop + drive,159,objective,0.5673068165779114,0.12121212121212122,0.008971524578228732,0.1500789889415482,0.15068493150684933,0.8478187322616577
Stop + drive,167,blank,0.40454548597335815,0.15217391304347827,0.02983458869314837,0.2911783854166667,0.15533980582524273,0.8534547686576843
Stop + drive,167,determine,0.4188309907913208,0.064,0.0027796654541914242,0.20443925233644855,0.09375000000000001,0.8145015239715576
Stop + drive,167,body,0.3373609185218811,0.09944751381215469,0.0043744244313883305,0.22666666666666668,0.14074074074074072,0.8381792306900024
Stop + drive,167,context,0.5037363767623901,0.11333333333333333,0.002524732593342466,0.1977401129943503,0.13043478260869565,0.8226242661476135
Stop + drive,167,objective,0.585785448551178,0.13274336283185842,0.007342560858859265,0.18185526243017536,0.14201183431952663,0.8464152216911316
Reverse,79,blank,0.3876464366912842,0.1044776119402985,0.005294306808178316,0.13736263736263737,0.10526315789473684,0.8353366851806641
Reverse,79,determine,0.35456228256225586,0.09411764705882353,0.007452869940273089,0.15748031496062992,0.14545454545454545,0.8422447443008423
Reverse,79,body,0.32661598920822144,0.023890784982935155,0.0016717111231963934,0.10736196319018405,0.04627249357326478,0.8015257120132446
Reverse,79,context,0.47998046875,0.08928571428571429,0.0047401303179317135,0.17482517482517482,0.09999999999999999,0.8387451171875
Reverse,79,objective,0.4638623595237732,0.08791208791208792,0.006332581705331762,0.15228426395939085,0.09756097560975609,0.8380796909332275
Reverse,87,blank,0.3383174538612366,0.07692307692307693,0.008650161875332433,0.2289716456383123,0.10526315789473685,0.826840341091156
Reverse,87,determine,0.4001252055168152,0.12280701754385964,0.005965518750356762,0.14792899408284022,0.14634146341463414,0.8634911179542542
Reverse,87,body,0.42803770303726196,0.05188679245283019,0.0024864135113253586,0.15065913370998119,0.06849315068493152,0.8151330947875977
Reverse,87,context,0.45921462774276733,0.07746478873239436,0.003651967235795481,0.175054704595186,0.10576923076923077,0.828519880771637
Reverse,87,objective,0.4471384882926941,0.07936507936507936,0.010880718951222421,0.14316174230886383,0.12658227848101267,0.8497697114944458
Reverse,95,blank,0.2385786473751068,0.0514018691588785,0.002665268143028181,0.1805582300960695,0.07407407407407408,0.8059254884719849
Reverse,95,determine,0.3868849575519562,0.0728476821192053,0.002184049078954996,0.20958083832335334,0.09661835748792269,0.8227160573005676
Reverse,95,body,0.34591591358184814,0.03571428571428571,0.001464347143246076,0.1470588235294118,0.04878048780487805,0.8031775951385498
Reverse,95,context,0.5231157541275024,0.0718954248366013,0.003835146792049101,0.17892644135188868,0.10891089108910891,0.8317393660545349
Reverse,95,objective,0.5708181858062744,0.08333333333333333,0.009616468079553367,0.08816120906801006,0.09999999999999999,0.8369858860969543
Reverse,103,blank,0.3422203063964844,0.10569105691056911,0.01150530201478513,0.21335807050092762,0.15469613259668508,0.8401554226875305
Reverse,103,determine,0.3283268213272095,0.11764705882352941,0.004163620484540591,0.1440329218106996,0.15503875968992248,0.8476032018661499
Reverse,103,body,0.31300246715545654,0.04285714285714286,0.001571663016542195,0.15024038461538464,0.05714285714285715,0.8078163266181946
Reverse,103,context,0.5179243087768555,0.061452513966480445,0.0068066536000078014,0.18976897689768976,0.10116731517509728,0.8289191722869873
Reverse,103,objective,0.5490103960037231,0.04864864864864865,0.003989737182109751,0.160472972972973,0.0944206008583691,0.8290191292762756
Reverse,111,blank,0.3412480652332306,0.12658227848101267,0.020222626171403395,0.17454922309833024,0.16000000000000003,0.8404985070228577
Reverse,111,determine,0.37890398502349854,0.0847457627118644,0.002733059912665566,0.15306122448979592,0.1005586592178771,0.8262266516685486
Reverse,111,body,0.31959405541419983,0.05154639175257732,0.002303644904689486,0.17533252720677148,0.08430913348946137,0.8078400492668152
Reverse,111,context,0.5823023915290833,0.08333333333333333,0.004381740042589104,0.19201228878648238,0.13877551020408163,0.8279314041137695
Reverse,111,objective,0.5669225454330444,0.0891089108910891,0.006228649622607322,0.13297872340425532,0.13924050632911394,0.831707239151001
Reverse,119,blank,0.25357165932655334,0.0875,0.008851870661018247,0.13282732447817838,0.16528925619834708,0.8245683908462524
Reverse,119,determine,0.3812556266784668,0.08433734939759036,0.004566615848271796,0.11406844106463877,0.15126050420168066,0.8405380249023438
Reverse,119,body,0.31251615285873413,0.06857142857142857,0.0033521343701178943,0.18181818181818182,0.11406844106463879,0.8151397705078125
Reverse,119,context,0.5623353719711304,0.11827956989247312,0.006363342599086976,0.18083182640144665,0.14569536423841062,0.8397209048271179
Reverse,119,objective,0.483444482088089,0.08181818181818182,0.005674250162030766,0.1584025306445235,0.11464968152866241,0.8347313404083252
Reverse,127,blank,0.49081578850746155,0.13580246913580246,0.005096685359082032,0.16774102892874077,0.15503875968992248,0.8406831622123718
Reverse,127,determine,0.3401942253112793,0.08823529411764706,0.0034572942820178627,0.1364365971107544,0.1625,0.8357042670249939
Reverse,127,body,0.5421316623687744,0.075,0.0029325737946845794,0.20860495436766627,0.0996884735202492,0.8132548928260803
Reverse,127,context,0.5085340738296509,0.041237113402061855,0.001579991013258348,0.14093959731543623,0.09589041095890412,0.8180990815162659
Reverse,127,objective,0.5823585391044617,0.10638297872340426,0.007256772316020241,0.10815307820299502,0.11594202898550725,0.8294162750244141
Reverse,135,blank,0.37510278820991516,0.1134020618556701,0.0037431933106233774,0.14190317195325544,0.15584415584415584,0.8350913524627686
Reverse,135,determine,0.4187878668308258,0.1323529411764706,0.005805569400730745,0.10733452593917711,0.14414414414414412,0.8403897881507874
Reverse,135,body,0.40988218784332275,0.06818181818181818,0.002733068651332644,0.18912529550827425,0.08095238095238096,0.8126007914543152
Reverse,135,context,0.5144256353378296,0.07142857142857142,0.0026248560128936784,0.17160686427457097,0.11282051282051282,0.8278945088386536
Reverse,135,objective,0.5150900483131409,0.09243697478991597,0.012081289838479446,0.15077248597756412,0.14207650273224043,0.8181350231170654
Go forward,107,blank,0.3085360527038574,0.07792207792207792,0.004303718913135972,0.13924050632911394,0.14814814814814814,0.841632068157196
Go forward,107,determine,0.27963632345199585,0.0673076923076923,0.003005125404900733,0.19615439633797443,0.1267605633802817,0.8435693383216858
Go forward,107,body,0.3987221121788025,0.05581395348837209,0.0030628851066888704,0.17608338915965513,0.042283298097251586,0.7444828748703003
Go forward,107,context,0.4999784529209137,0.05128205128205128,0.004993602968834348,0.14185267857142855,0.11111111111111112,0.8421973586082458
Go forward,107,objective,0.4415985941886902,0.06015037593984962,0.0022239499283178746,0.15086206896551724,0.08648648648648649,0.8298918604850769
Go forward,115,blank,0.3422856628894806,0.10655737704918032,0.01142377503116686,0.21932605769337746,0.11560693641618498,0.8330517411231995
Go forward,115,determine,0.4505597651004791,0.059880239520958084,0.00323705301793848,0.17830026636130544,0.09205020920502091,0.8114280104637146
Go forward,115,body,0.41296058893203735,0.06306306306306306,0.014418339937782864,0.23498319179051663,0.09063444108761329,0.8046836256980896
Go forward,115,context,0.4916306734085083,0.07096774193548387,0.0043782169403027245,0.22133014262660186,0.09649122807017543,0.8389147520065308
Go forward,115,objective,0.4112669825553894,0.06040268456375839,0.0037276150735563343,0.16956613756613756,0.07804878048780488,0.828353762626648
Go forward,123,blank,0.36611711978912354,0.16666666666666666,0.01867013261357186,0.23345802769901178,0.145985401459854,0.8488168120384216
Go forward,123,determine,0.2895462214946747,0.08396946564885496,0.004464558921915923,0.1788908765652952,0.10752688172043011,0.8372792601585388
Go forward,123,body,0.4023386538028717,0.087248322147651,0.00480600519161103,0.2364119998293054,0.13761467889908255,0.8282572627067566
Go forward,123,context,0.519672155380249,0.10619469026548672,0.0029751649472390044,0.17657992565055763,0.13095238095238093,0.8306556940078735
Go forward,123,objective,0.478668212890625,0.07894736842105263,0.008521924222067866,0.08333333333333331,0.09523809523809525,0.8493804931640625
Go forward,131,blank,0.36498457193374634,0.19444444444444445,0.024482899835578144,0.21984762396694216,0.16363636363636364,0.8476800918579102
Go forward,131,determine,0.32117393612861633,0.08035714285714286,0.005459088073033147,0.16037735849056606,0.11464968152866241,0.8424429297447205
Go forward,131,body,0.3591628968715668,0.07281553398058252,0.0033418636282535985,0.19809690334272242,0.08026755852842808,0.8154560327529907
Go forward,131,context,0.4042169153690338,0.07027027027027027,0.0029848533565336997,0.1884629575895656,0.09774436090225563,0.8259569406509399
Go forward,131,objective,0.5495730042457581,0.07534246575342465,0.004043632641715042,0.18181867149290074,0.0970873786407767,0.8307321071624756
Go forward,139,blank,0.3411371409893036,0.10619469026548672,0.0032481682455040317,0.1870748299319728,0.13173652694610777,0.8378567099571228
Go forward,139,determine,0.3742561936378479,0.07339449541284404,0.0034944961478155633,0.14059753954305798,0.10884353741496598,0.835523247718811
Go forward,139,body,0.4460301399230957,0.06896551724137931,0.0031026858182174218,0.18893387314439947,0.09014084507042254,0.8108177781105042
Go forward,139,context,0.30087265372276306,0.06363636363636363,0.005921757542841725,0.12259194395796849,0.1476510067114094,0.8382185697555542
Go forward,139,objective,0.4098012447357178,0.049723756906077346,0.0032264019397395772,0.1508903319587303,0.0847457627118644,0.8279270529747009
Go forward,147,blank,0.49126893281936646,0.10843373493975904,0.005255706306044567,0.26248648999763635,0.14035087719298245,0.8462247848510742
Go forward,147,determine,0.48275595903396606,0.16393442622950818,0.024781399229532406,0.202377706807914,0.23913043478260868,0.8751171231269836
Go forward,147,body,0.4104721248149872,0.05726872246696035,0.003049107663345801,0.18712483221476514,0.08620689655172414,0.8165833353996277
Go forward,147,context,0.5367960333824158,0.104,0.012984552721614718,0.23586483773837405,0.12290502793296089,0.8399603962898254
Go forward,147,objective,0.5287652015686035,0.07647058823529412,0.002005562948851171,0.2029964963074857,0.09361702127659574,0.8358098268508911
Go forward,155,blank,0.3791949152946472,0.1282051282051282,0.00556358898809357,0.13944223107569723,0.15929203539823011,0.848381757736206
Go forward,155,determine,0.30473625659942627,0.05454545454545454,0.0032771916370518284,0.12987012987012989,0.10810810810810811,0.8360912799835205
Go forward,155,body,0.41536590456962585,0.07834101382488479,0.007440526846406384,0.2613779207335108,0.08888888888888889,0.8273056149482727
Go forward,155,context,0.5069127678871155,0.06040268456375839,0.0022568851151607756,0.13651877133105803,0.09183673469387756,0.840986967086792
Go forward,155,objective,0.5038621425628662,0.07482993197278912,0.0023531364929998367,0.1877133105802048,0.12307692307692307,0.837572455406189
Go forward,163,blank,0.34428325295448303,0.11764705882352941,0.0050031284451598395,0.13297872340425532,0.140625,0.8371703028678894
Go forward,163,determine,0.3382696807384491,0.13592233009708737,0.015736891026932674,0.2607865426863537,0.1818181818181818,0.8506401777267456
Go forward,163,body,0.3644804358482361,0.04864864864864865,0.004161778790534637,0.21909306826178748,0.05555555555555555,0.8092745542526245
Go forward,163,context,0.47391149401664734,0.075,0.0031122835624369447,0.13223140495867766,0.1317365269461078,0.8332124948501587
Go forward,163,objective,0.5725338459014893,0.07894736842105263,0.0031177127709173537,0.1828410689170183,0.10714285714285715,0.8291964530944824
Go forward,171,blank,0.35806697607040405,0.1267605633802817,0.005536963281329997,0.1371308016877637,0.14814814814814814,0.8358846306800842
Go forward,171,determine,0.3961493968963623,0.09836065573770492,0.005850685472950474,0.19372693726937265,0.13559322033898305,0.8410149812698364
Go forward,171,body,0.38931038975715637,0.04716981132075472,0.010365647786237846,0.22705673289215353,0.06597938144329896,0.7966780066490173
Go forward,171,context,0.3688342869281769,0.078125,0.004810012395781028,0.20947176684881605,0.11702127659574468,0.8197577595710754
Go forward,171,objective,0.48151659965515137,0.07777777777777778,0.007068123422759095,0.12170385395537525,0.11290322580645161,0.822783350944519
Stop + pass,51,blank,0.4466346204280853,0.14285714285714285,0.007891330600127028,0.20323177539045148,0.178343949044586,0.846315324306488
Stop + pass,51,determine,0.4576052129268646,0.09202453987730061,0.009062617869355302,0.2551795794305564,0.10970464135021096,0.8249983787536621
Stop + pass,51,body,0.4898565411567688,0.0695970695970696,0.0029140469287805754,0.2098765432098766,0.09523809523809525,0.8235369920730591
Stop + pass,51,context,0.5465895533561707,0.08053691275167785,0.0035184996441967892,0.1492537313432836,0.0975609756097561,0.8284769058227539
Stop + pass,51,objective,0.6215119361877441,0.11904761904761904,0.008363395025193864,0.11754068716094032,0.11382113821138211,0.8578252196311951
Stop + pass,59,blank,0.4496300220489502,0.11475409836065574,0.007537615496131797,0.23199037063953484,0.14285714285714285,0.8415988683700562
Stop + pass,59,determine,0.4652971625328064,0.08461538461538462,0.0027437977240225495,0.16594516594516595,0.11594202898550725,0.8317753672599792
Stop + pass,59,body,0.4661104083061218,0.04953560371517028,0.0021535880274007485,0.14799154334038056,0.07851239669421488,0.808928906917572
Stop + pass,59,context,0.5759625434875488,0.09285714285714286,0.005251904878323154,0.16220028208744713,0.13636363636363638,0.8342600464820862
Stop + pass,59,objective,0.5622780323028564,0.10204081632653061,0.0069005429342570476,0.10920436817472698,0.1095890410958904,0.8539384603500366
Stop + pass,67,blank,0.32726386189460754,0.16279069767441862,0.011055594446141553,0.1748251748251748,0.21476510067114096,0.8414508104324341
Stop + pass,67,determine,0.4653266668319702,0.2037037037037037,0.0030230113942555127,0.11210762331838565,0.1782178217821782,0.8651241660118103
Stop + pass,67,body,0.3733333349227905,0.05202312138728324,0.004371250089520044,0.2160054727019013,0.08366533864541832,0.8061524033546448
Stop + pass,67,context,0.49077990651130676,0.11764705882352941,0.0050598450639458125,0.23359806885717252,0.11636363636363638,0.831421971321106
Stop + pass,67,objective,0.5518636703491211,0.11764705882352941,0.018745208417490913,0.18407278737699145,0.15286624203821653,0.8501746654510498
Stop + pass,75,blank,0.31034088134765625,0.04672897196261682,0.003787498424593516,0.09790209790209792,0.11464968152866242,0.8120689988136292
Stop + pass,75,determine,0.29506388306617737,0.13541666666666666,0.004720599808799349,0.16242937853107345,0.1342281879194631,0.8340814709663391
Stop + pass,75,body,0.41604962944984436,0.059375,0.002006705137566978,0.20454564119410337,0.08539325842696628,0.8087464570999146
Stop + pass,75,context,0.579559326171875,0.08092485549132948,0.004684170432288474,0.14687882496940025,0.11029411764705882,0.8149136304855347
Stop + pass,75,objective,0.5464180111885071,0.09243697478991597,0.005955680380007538,0.14155176462694574,0.13333333333333333,0.8350477814674377
Stop + pass,83,blank,0.42040038108825684,0.1262135922330097,0.00419546198223544,0.1437908496732026,0.16666666666666669,0.8371446132659912
Stop + pass,83,determine,0.3912400007247925,0.11403508771929824,0.0037035772240318213,0.15473028813773676,0.14035087719298245,0.8365398049354553
Stop + pass,83,body,0.4268040657043457,0.11398963730569948,0.008755200388602564,0.23915461624026696,0.14603174603174604,0.8259498476982117
Stop + pass,83,context,0.5655057430267334,0.12025316455696203,0.004632366491582267,0.18159806295399517,0.12444444444444445,0.847383439540863
Stop + pass,83,objective,0.5605106353759766,0.12857142857142856,0.005986764294860262,0.194884287454324,0.13452914798206278,0.8379168510437012
Stop + pass,91,blank,0.3079735040664673,0.12244897959183673,0.007880648711521778,0.13268998793727382,0.19393939393939394,0.8324471116065979
Stop + pass,91,determine,0.4247704744338989,0.0967741935483871,0.002564717235344263,0.21982185781447594,0.14516129032258063,0.8278073668479919
Stop + pass,91,body,0.3941197395324707,0.08205128205128205,0.01043262625737032,0.1912141064043475,0.14788732394366197,0.8322988152503967
Stop + pass,91,context,0.48622792959213257,0.0896551724137931,0.004836935739169206,0.15184596672944126,0.11607142857142858,0.8260952234268188
Stop + pass,91,objective,0.5619333982467651,0.12941176470588237,0.008526499685573315,0.09852216748768473,0.14666666666666667,0.8458057641983032
Stop + pass,99,blank,0.3474690914154053,0.14893617021276595,0.004791063173599008,0.16556291390728475,0.16560509554140126,0.8467103242874146
Stop + pass,99,determine,0.3826615810394287,0.11904761904761904,0.006632600178719554,0.21137323185273033,0.16425120772946858,0.8292381167411804
Stop + pass,99,body,0.397210955619812,0.07196969696969698,0.0014628553909007704,0.2081165452653486,0.10106382978723404,0.8087491989135742
Stop + pass,99,context,0.4792923331260681,0.10569105691056911,0.00644238959866578,0.1721938775510204,0.18279569892473116,0.8397950530052185
Stop + pass,99,objective,0.5766828060150146,0.13157894736842105,0.008586966828278336,0.1668806161745828,0.12290502793296089,0.840118408203125
Go left,89,blank,0.325591504573822,0.10526315789473684,0.00514276487376302,0.11904761904761905,0.1415929203539823,0.8446943759918213
Go left,89,determine,0.24679425358772278,0.0915032679738562,0.004271298808471844,0.17647058823529413,0.11981566820276499,0.8214319348335266
Go left,89,body,0.392659068107605,0.07171314741035857,0.003316453904015353,0.238345976498587,0.09115281501340482,0.8193604350090027
Go left,89,context,0.5181496143341064,0.08108108108108109,0.004796379142955786,0.18211920529801323,0.11764705882352941,0.8320784568786621
Go left,89,objective,0.5756997466087341,0.0970873786407767,0.005888794423372789,0.14869888475836432,0.10810810810810811,0.8448536992073059
Go left,97,blank,0.40050241351127625,0.1111111111111111,0.004516128720933481,0.14104372355430184,0.16107382550335572,0.8395344614982605
Go left,97,determine,0.31904226541519165,0.09345794392523364,0.003418928311435368,0.11595867628819484,0.10526315789473684,0.8213241100311279
Go left,97,body,0.4461166262626648,0.07692307692307693,0.0067571581026818345,0.22376485077975808,0.109375,0.804879367351532
Go left,97,context,0.5813941955566406,0.10619469026548672,0.007074310960076586,0.20602429149797571,0.18181818181818182,0.8343271613121033
Go left,97,objective,0.5339120626449585,0.1,0.005856742451481696,0.14921362941434696,0.11560693641618495,0.8404580950737
Go left,105,blank,0.2930622696876526,0.11578947368421053,0.016726369986598516,0.22316827697262479,0.15789473684210528,0.8398205637931824
Go left,105,determine,0.2669075131416321,0.07333333333333333,0.004298186028920209,0.18115942028985504,0.13333333333333333,0.819624662399292
Go left,105,body,0.40965786576271057,0.05144694533762058,0.0052923268676401715,0.21668952267040614,0.08225108225108226,0.8098883032798767
Go left,105,context,0.398719847202301,0.07017543859649122,0.005801907884977025,0.15723270440251572,0.15853658536585366,0.8491219878196716
Go left,105,objective,0.5527865886688232,0.10084033613445378,0.006685846793794166,0.16279069767441862,0.14857142857142855,0.8504316806793213
Go left,113,blank,0.3677646815776825,0.1308411214953271,0.01677374857298349,0.22780831762268308,0.18292682926829268,0.8481183052062988
Go left,113,determine,0.420650452375412,0.08064516129032258,0.0027025219673508637,0.1812688821752266,0.1256544502617801,0.8390166759490967
Go left,113,body,0.41902613639831543,0.04398826979472141,0.0017269088318905973,0.1744186046511628,0.07258064516129033,0.8106657862663269
Go left,113,context,0.5164475440979004,0.08426966292134831,0.003139969348648698,0.20959384432198933,0.10071942446043164,0.8309553265571594
Go left,113,objective,0.5045784711837769,0.08653846153846154,0.0062207610237041515,0.13584802853180103,0.0945945945945946,0.8488499522209167
Go left,121,blank,0.24060136079788208,0.11702127659574468,0.004649593117719445,0.1582961981613072,0.1643835616438356,0.831794261932373
Go left,121,determine,0.45867398381233215,0.12745098039215685,0.006756689033280247,0.20251396648044695,0.21348314606741572,0.8433300852775574
Go left,121,body,0.41174307465553284,0.08620689655172414,0.004939262322499418,0.24152318640955,0.12546125461254612,0.8269066214561462
Go left,121,context,0.5495827794075012,0.10948905109489052,0.006169122912877187,0.21350562774283818,0.13658536585365855,0.8455174565315247
Go left,121,objective,0.5417705774307251,0.10185185185185185,0.008552553466311095,0.12045061927209909,0.09090909090909091,0.837478518486023
Go left,129,blank,0.3504762351512909,0.1038961038961039,0.005104218213788016,0.11503067484662577,0.14285714285714282,0.8396681547164917
Go left,129,determine,0.3887719511985779,0.10810810810810811,0.005973477830842627,0.1696970869903201,0.14772727272727273,0.840042233467102
Go left,129,body,0.4817216694355011,0.06944444444444445,0.0029039297322505336,0.21276595744680848,0.1081081081081081,0.8245081305503845
Go left,129,context,0.5631124973297119,0.11926605504587157,0.006356738333352496,0.18612557968747875,0.16568047337278108,0.854671835899353
Go left,129,objective,0.5615600347518921,0.11029411764705882,0.005716775196709443,0.1436388508891929,0.1268292682926829,0.8409963846206665
Go left,137,blank,0.41492176055908203,0.12643678160919541,0.018735597743925917,0.14208389715832204,0.17567567567567569,0.8388645648956299
Go left,137,determine,0.30666372179985046,0.04716981132075472,0.0036027294401511853,0.10624169986719788,0.11180124223602485,0.8287562131881714
Go left,137,body,0.45487353205680847,0.08641975308641975,0.009676251244087608,0.17365269461077845,0.11718749999999999,0.8299134373664856
Go left,137,context,0.5305282473564148,0.12037037037037036,0.0035193327414754154,0.17464424320827943,0.15053763440860216,0.8409098386764526
Go left,137,objective,0.5243349075317383,0.05982905982905983,0.0028880753556610366,0.10296010296010297,0.11458333333333334,0.824991762638092
Go left,145,blank,0.40492063760757446,0.10185185185185185,0.0038081350432326994,0.15686274509803924,0.1590909090909091,0.8403158187866211
Go left,145,determine,0.28949278593063354,0.06201550387596899,0.0061723299547978665,0.15132408575031528,0.1386138613861386,0.8236141204833984
Go left,145,body,0.3224583864212036,0.07326007326007326,0.003386249326947878,0.24689836124363126,0.10798122065727699,0.8103097081184387
Go left,145,context,0.5353888273239136,0.07518796992481203,0.005204401706666484,0.17513567839195984,0.15609756097560976,0.836561381816864
Go left,145,objective,0.4961932897567749,0.06521739130434782,0.0072366140632148775,0.08771929824561404,0.12080536912751678,0.8361046314239502
Go left,153,blank,0.420215904712677,0.08461538461538462,0.006673737226130193,0.19104559969944584,0.1359223300970874,0.8311134576797485
Go left,153,determine,0.4170059561729431,0.10236220472440945,0.005085661424844467,0.19821127739390831,0.13658536585365855,0.8364076018333435
Go left,153,body,0.30695828795433044,0.07627118644067797,0.003167662997151445,0.2222697626899156,0.1,0.8177490830421448
Go left,153,context,0.4162328243255615,0.06074766355140187,0.001586298692392907,0.18433179723502308,0.11764705882352944,0.8233256936073303
Go left,153,objective,0.550147533416748,0.07272727272727272,0.0035632004439315897,0.14375,0.09230769230769229,0.824593722820282
Go left,161,blank,0.3169025480747223,0.11235955056179775,0.004919944666819567,0.12247838616714694,0.1940298507462687,0.8278692960739136
Go left,161,determine,0.3438429832458496,0.07874015748031496,0.0030127507080836935,0.14208389715832206,0.12154696132596686,0.8243150115013123
Go left,161,body,0.38262230157852173,0.040880503144654086,0.001849912872259435,0.1611278952668681,0.065359477124183,0.7950982451438904
Go left,161,context,0.5397765040397644,0.06422018348623854,0.0032526750244380783,0.18264840182648404,0.10303030303030303,0.8089303374290466
Go left,161,objective,0.5077020525932312,0.11392405063291139,0.004628811170120037,0.1239067055393586,0.17600000000000002,0.8282920122146606
Go left,169,blank,0.3606816828250885,0.13043478260869565,0.005943511191482252,0.1382978723404255,0.23076923076923075,0.8443232178688049
Go left,169,determine,0.2861652970314026,0.06,0.002228871503884011,0.15873015873015872,0.09756097560975609,0.8214387893676758
Go left,169,body,0.27667611837387085,0.04,0.0016133721054155644,0.1566265060240964,0.06952965235173823,0.7958688139915466
Go left,169,context,0.4925583600997925,0.08108108108108109,0.004067343282046203,0.19128612387268298,0.13526570048309178,0.8401919007301331
Go left,169,objective,0.45554280281066895,0.102803738317757,0.005799033518038496,0.15473887814313345,0.13333333333333333,0.8477621078491211
Go left,177,blank,0.39509427547454834,0.12087912087912088,0.018154904027121017,0.15465670529935385,0.14492753623188406,0.8340327143669128
Go left,177,determine,0.35641932487487793,0.072992700729927,0.004805839169717924,0.16475644699140402,0.12871287128712872,0.8203082084655762
Go left,177,body,0.40814483165740967,0.04582210242587601,0.0016901427925268915,0.21067203208679827,0.08333333333333333,0.8011394739151001
Go left,177,context,0.5256568789482117,0.1016949152542373,0.006003595829043643,0.16986706056129985,0.14942528735632185,0.8447684645652771
Go left,177,objective,0.499390184879303,0.09027777777777778,0.005177581389963534,0.14104372355430184,0.10232558139534884,0.8199979662895203
Go left,185,blank,0.35030022263526917,0.14,0.009610053779382914,0.2239232145314435,0.16149068322981364,0.8457141518592834
Go left,185,determine,0.3336373567581177,0.11818181818181818,0.0035193327414754154,0.19054878048780488,0.14201183431952663,0.8445608615875244
Go left,185,body,0.3490552604198456,0.08888888888888889,0.003211613638985979,0.2528572640848785,0.10644257703081231,0.8248683214187622
Go left,185,context,0.3277518153190613,0.07643312101910828,0.0037620112717603343,0.20661157024793386,0.12244897959183675,0.8227872848510742
Go left,185,objective,0.4385557472705841,0.07317073170731707,0.0022723195818681397,0.16759776536312848,0.1212121212121212,0.8348144888877869
Go left,193,blank,0.4484933018684387,0.1375,0.020407314606611982,0.15912897822445563,0.176,0.8583877086639404
Go left,193,determine,0.3375778794288635,0.09649122807017543,0.003381487653408913,0.18757398137452047,0.1566265060240964,0.8467117547988892
Go left,193,body,0.370327353477478,0.06837606837606838,0.003304081206671736,0.217614033306662,0.08588957055214726,0.8166651725769043
Go left,193,context,0.5265397429466248,0.09090909090909091,0.005219330978376485,0.23440161345266483,0.14893617021276598,0.8502464890480042
Go left,193,objective,0.469084233045578,0.08196721311475409,0.013195944411119548,0.16303927819316452,0.11904761904761905,0.8489528894424438
Go left,201,blank,0.33067965507507324,0.1323529411764706,0.00626651527415326,0.12404580152671754,0.1764705882352941,0.8378878235816956
Go left,201,determine,0.37023651599884033,0.09322033898305085,0.00543548164681866,0.1433389544688027,0.11695906432748537,0.8351709246635437
Go left,201,body,0.33493053913116455,0.06291390728476821,0.001879651858078639,0.19721577726218098,0.07964601769911504,0.8109146952629089
Go left,201,context,0.5487797260284424,0.09774436090225563,0.004566614731165091,0.2096552315766576,0.10999999999999999,0.8352038264274597
Go left,201,objective,0.5120247602462769,0.109375,0.004805839169717924,0.1480263157894737,0.08421052631578946,0.8261569738388062
Follow,36,blank,0.35017991065979004,0.16666666666666666,0.005174954638639296,0.14032496307237813,0.15873015873015875,0.8445315957069397
Follow,36,determine,0.3752043843269348,0.10948905109489052,0.0030652734955111216,0.1607776983210176,0.1111111111111111,0.8210614919662476
Follow,36,body,0.44607895612716675,0.1134020618556701,0.007171564196974574,0.24231678486997638,0.13114754098360656,0.8347923755645752
Follow,36,context,0.5547258853912354,0.11214953271028037,0.008712483501534696,0.1274787535410765,0.14102564102564102,0.8462401032447815
Follow,36,objective,0.5288538336753845,0.13333333333333333,0.009293689425386347,0.14664804469273746,0.15476190476190477,0.8409756422042847
Follow,44,blank,0.36178070306777954,0.18181818181818182,0.020522670612804918,0.17054104477611945,0.1732283464566929,0.8403233289718628
Follow,44,determine,0.4164736866950989,0.15748031496062992,0.015155117773296015,0.26045081967213113,0.15873015873015872,0.848964273929596
Follow,44,body,0.36795443296432495,0.061170212765957445,0.004392364560967875,0.2400060735601574,0.08380952380952382,0.818537175655365
Follow,44,context,0.5245388150215149,0.12121212121212122,0.005489835407479068,0.21523441825087739,0.1407035175879397,0.8429425358772278
Follow,44,objective,0.5465126037597656,0.10457516339869281,0.004410196743592179,0.18830570192018392,0.13043478260869565,0.8304725289344788
Follow,52,blank,0.37054288387298584,0.15584415584415584,0.005348648284831671,0.14221556886227546,0.15873015873015872,0.8408151865005493
Follow,52,determine,0.5078904628753662,0.05865921787709497,0.0026084507607096376,0.19561068702290077,0.07392996108949416,0.8109368085861206
Follow,52,body,0.4174541234970093,0.10480349344978165,0.00858618251302944,0.2806754429471155,0.10468319559228652,0.8193685412406921
Follow,52,context,0.5764378309249878,0.15447154471544716,0.014802013410516495,0.235141627178014,0.16759776536312848,0.8481406569480896
Follow,52,objective,0.5773400068283081,0.13414634146341464,0.00871820590249204,0.10479041916167664,0.144,0.8473268151283264
Follow,60,blank,0.38953426480293274,0.14634146341463414,0.004559819506241736,0.11968085106382978,0.13043478260869568,0.8363759517669678
Follow,60,determine,0.36695778369903564,0.18947368421052632,0.019586039543648362,0.23151574493725602,0.18404907975460122,0.8499739766120911
Follow,60,body,0.3703520596027374,0.07006369426751592,0.0030694376506913484,0.2542174279751125,0.09147609147609148,0.8107449412345886
Follow,60,context,0.5051180124282837,0.16666666666666666,0.022474521496926997,0.23477021185271482,0.20382165605095542,0.8553204536437988
Follow,60,objective,0.5443594455718994,0.125,0.007073754714078282,0.10767160161507401,0.14173228346456693,0.8528421521186829
Getting a cap,218,blank,0.3950115442276001,0.0859375,0.005619144434185,0.1939602377483529,0.1460674157303371,0.8432658314704895
Getting a cap,218,determine,0.3695189356803894,0.08737864077669903,0.007326296144397659,0.1400329489291598,0.13793103448275862,0.8508700728416443
Getting a cap,218,body,0.4031568765640259,0.05142857142857143,0.0018525299191638883,0.19501625135427955,0.07933194154488518,0.8147979974746704
Getting a cap,218,context,0.5566851496696472,0.0755813953488372,0.0037504721853450717,0.17755681818181818,0.11336032388663966,0.8317455649375916
Getting a cap,218,objective,0.5488663911819458,0.08235294117647059,0.00952741110691353,0.0946643717728055,0.11965811965811966,0.8484107255935669
Getting a cap,226,blank,0.35966867208480835,0.15384615384615385,0.008519848993806856,0.2109633917669632,0.16666666666666666,0.8452486991882324
Getting a cap,226,determine,0.4471980929374695,0.12371134020618557,0.0044402156565804705,0.16355140186915887,0.1935483870967742,0.8350083827972412
Getting a cap,226,body,0.43867433071136475,0.050666666666666665,0.004539997252475473,0.1915113871635611,0.07317073170731708,0.8164926767349243
Getting a cap,226,context,0.4591497480869293,0.12380952380952381,0.009770408425237435,0.16127259870809926,0.15894039735099338,0.8426525592803955
Getting a cap,226,objective,0.4849987328052521,0.07627118644067797,0.0059682912617559855,0.09908536585365854,0.12500000000000003,0.8275488018989563
Getting a cap,234,blank,0.3644351661205292,0.16853932584269662,0.06559358307229025,0.1815431164901664,0.2097902097902098,0.8553309440612793
Getting a cap,234,determine,0.3461397886276245,0.11940298507462686,0.005377432246218737,0.2081494472910959,0.14492753623188404,0.8315642476081848
Getting a cap,234,body,0.4058586657047272,0.07191780821917808,0.003504720111368711,0.2628509775828631,0.1032258064516129,0.8135149478912354
Getting a cap,234,context,0.5778306126594543,0.1065989847715736,0.008198332858019795,0.23199023199023203,0.11912225705329153,0.8211637139320374
Getting a cap,234,objective,0.5221360325813293,0.06565656565656566,0.0032782429296842404,0.1639344262295082,0.10600706713780919,0.8196194767951965
Getting a cap,242,blank,0.3895023465156555,0.1927710843373494,0.0274628258610212,0.17876230661040785,0.20289855072463767,0.8534318208694458
Getting a cap,242,determine,0.2837347686290741,0.14285714285714285,0.011281854745408654,0.1597222222222222,0.1917808219178082,0.8501204252243042
Getting a cap,242,body,0.3425866961479187,0.09183673469387756,0.004809407719175064,0.17793594306049826,0.12099644128113879,0.8321709036827087
Getting a cap,242,context,0.4557342231273651,0.11627906976744186,0.003266513506904257,0.1818181818181818,0.15228426395939085,0.8449816107749939
Getting a cap,242,objective,0.5814133882522583,0.07476635514018691,0.007666831759683179,0.12978142076502733,0.16560509554140126,0.846860945224762
