video_name,frame_id,pedestrian_id,gesture_label_id,x1,y1,x2,y2
video_01.MP4,19,1,0,0.924853769938151,0.022185488100405,0.9994909922281902,0.9801903618706598
video_01.MP4,20,1,0,0.902212651570638,0.0202454672919379,0.9994192123413086,0.9801581488715276
video_01.MP4,21,1,0,0.8854508717854818,0.0097269738162005,0.9994869232177734,0.9796724672670718
video_01.MP4,22,1,0,0.8630139668782552,0.0122290028466118,0.9934340794881183,0.9740813078703704
video_01.MP4,23,1,0,0.8532101313273112,0.0119525150016502,0.9934810002644856,0.974938060619213
video_01.MP4,24,1,0,0.8501263936360677,0.0110422178551002,0.994293467203776,0.9783690275969328
video_01.MP4,25,1,0,0.8466954549153646,0.0103495809766981,0.995956548055013,0.98378827130353
video_01.MP4,26,1,0,0.8431243260701498,0.0065670914120144,0.9958045959472656,0.9883232964409724
video_01.MP4,27,1,0,0.8371779123942057,0.0051721131360089,0.9943798065185548,0.9925564236111112
video_01.MP4,28,1,0,0.8334328969319661,0.0093426554291336,0.9927831013997396,0.985382193106192
video_01.MP4,29,1,0,0.832371203104655,0.0112154572098343,0.9923666000366212,0.9812802915219908
video_01.MP4,30,1,0,0.8280812581380208,0.0034219896351849,1.0,0.9886131004050924
video_01.MP4,31,1,0,0.8244685490926107,0.0016890022489759,1.0,0.991224952980324
video_01.MP4,32,1,0,0.81811097462972,0.0038943992720709,1.0,0.9907614248770256
video_01.MP4,33,1,0,0.8023125330607096,0.0036599260789376,0.9961954116821288,0.9854165536385996
video_01.MP4,34,1,0,0.7792962392171224,0.0011746324874736,0.9935310999552408,0.9777216028284144
video_01.MP4,35,1,0,0.7581637700398763,0.0013573609016559,0.992864481608073,0.9756996437355324
video_01.MP4,36,1,0,0.7336677551269531,0.0031146892794856,0.9915324529012044,0.9778658266420718
video_01.MP4,37,1,0,0.7131003061930339,0.0062734833470097,0.991411590576172,0.979868797019676
video_01.MP4,38,1,0,0.691607920328776,0.013576223232128,0.9915315628051756,0.984970544885706
video_01.MP4,39,1,0,0.6711947123209635,0.0279636065165201,0.9906777699788412,0.9875874837239584
video_01.MP4,40,1,0,0.6496569951375325,0.042808652807165,0.9899490356445312,0.9903856065538196
video_01.MP4,41,1,0,0.6301586151123046,0.0592221083464445,0.9894495646158854,0.9919993082682292
video_01.MP4,42,1,0,0.6098133087158203,0.079960498103389,0.989348538716634,0.9936625162760416
video_01.MP4,43,1,0,0.5934437433878581,0.0941457041987666,0.9900562286376952,0.9920041684751156
video_01.MP4,44,1,0,0.5755717595418294,0.1036095513237847,0.9758265177408856,0.9897898356119792
video_01.MP4,45,1,0,0.5613562266031901,0.1137141828183774,0.9561742782592774,0.9874527542679398
video_01.MP4,46,1,0,0.5476072947184245,0.1167166957148799,0.93476988474528,0.9853592484085648
video_01.MP4,47,1,0,0.5366241455078125,0.113482630694354,0.9149389902750652,0.9849703188295718
video_01.MP4,48,1,0,0.5273626963297526,0.1090689129299587,0.9006973266601562,0.9875640869140624
video_01.MP4,49,1,0,0.5204605420430501,0.1084957122802734,0.8872107823689779,0.9894386574074074
video_01.MP4,50,1,0,0.5138113975524903,0.1093564422042281,0.8765857696533204,0.9907486527054398
video_01.MP4,51,1,0,0.5079668998718262,0.1142606452659324,0.8710890452067057,0.9928554958767362
video_01.MP4,52,1,0,0.5043958981831869,0.1217855524133752,0.8666140874226888,0.9942159016927083
video_01.MP4,53,1,0,0.5024036407470703,0.1238303855613426,0.8623240152994792,0.995641185619213
video_01.MP4,54,1,0,0.5009151458740234,0.1278262809470847,0.8556570053100586,0.9946841769748264
video_01.MP4,55,1,0,0.4997669855753581,0.1330188751220703,0.8482417424519857,0.994560072157118
video_01.MP4,56,1,0,0.4996444702148437,0.1415409088134765,0.8409886042277018,0.9946391918041088
video_01.MP4,57,1,0,0.4993748029073079,0.1485093434651692,0.8360828399658203,0.9946102566189235
video_01.MP4,58,1,0,0.5001750310262044,0.1530408647325303,0.8358222961425781,0.9951131184895832
video_01.MP4,59,1,0,0.5015593528747558,0.1599146525065104,0.8376526514689128,0.9954696090133102
video_01.MP4,60,1,0,0.5029382069905599,0.1685119205050998,0.8391239802042644,0.9946732132523148
video_01.MP4,143,1,0,0.7123402277628581,0.2138778121383102,0.996825663248698,0.9733629014756944
video_01.MP4,144,1,0,0.7302727381388346,0.3106766877350984,0.9960473378499348,0.9733806468822338
video_01.MP4,145,1,0,0.7493202845255534,0.3431104589391637,0.9954444249471028,0.973135828088831
video_01.MP4,146,1,0,0.7659283320109049,0.3567847075285735,0.99536927541097,0.9755560980902778
video_01.MP4,147,1,0,0.7717007954915365,0.3685609888147425,0.9889346440633138,0.977605296947338
video_01.MP4,148,1,0,0.7898398717244466,0.378024744104456,0.9939313252766928,0.977142447012442
video_01.MP4,149,1,0,0.8021068572998047,0.3918796680591724,0.9953369140625,0.9782735188802084
video_01.MP4,150,1,0,0.8048720041910807,0.4402092545120804,0.9924054463704428,0.9836675573278356
video_01.MP4,61,1,2,0.5041182518005372,0.1762456823278356,0.8389032363891602,0.9924653229890046
video_01.MP4,62,1,2,0.5057098070780436,0.1810274901213469,0.8356958389282226,0.9915967022931136
video_01.MP4,63,1,2,0.5080944061279297,0.1820841188783999,0.831253178914388,0.9910568802445024
video_01.MP4,64,1,2,0.509882100423177,0.1792263737431279,0.8247909545898438,0.9895112214265046
video_01.MP4,65,1,2,0.5121971130371094,0.1713824378119574,0.818635622660319,0.9897017867476852
video_01.MP4,66,1,2,0.5124300638834636,0.1648390028211805,0.8170974731445313,0.9897423638237848
video_01.MP4,67,1,2,0.5112667083740234,0.1633304595947265,0.8163921356201171,0.9886245162398728
video_01.MP4,68,1,2,0.508565616607666,0.1612039919252748,0.817970085144043,0.9900247079354746
video_01.MP4,69,1,2,0.5028413454691569,0.1614258095070168,0.8162571589152018,0.9933868408203124
video_01.MP4,70,1,2,0.4967109362284342,0.1634879218207465,0.8116289774576823,0.9930138481987848
video_01.MP4,71,1,2,0.4890331586201986,0.1675720356128834,0.8028348286946615,0.9926751030815972
video_01.MP4,72,1,2,0.4828007380167643,0.1710543455900969,0.7926575342814127,0.9935578522858796
video_01.MP4,73,1,2,0.4763139406840006,0.1742774822093822,0.7851410547892252,0.9939980966073496
video_01.MP4,74,1,2,0.4709474563598633,0.180594324182581,0.7802834828694661,0.9943949381510416
video_01.MP4,75,1,2,0.4660228729248047,0.1852690096254702,0.7771593729654948,0.9949658429181134
video_01.MP4,76,1,2,0.460999870300293,0.1918549572979962,0.7734524408976237,0.9956863968460647
video_01.MP4,77,1,2,0.4574923197428385,0.1979079352484809,0.7691355387369792,0.9966279206452546
video_01.MP4,78,1,2,0.4542675654093424,0.205787432635272,0.7624763488769531,0.996597742151331
video_01.MP4,79,1,2,0.4508735656738281,0.2094007138852719,0.754762840270996,0.9954540111400464
video_01.MP4,80,1,2,0.4482289314270019,0.2079901236074942,0.7497486114501953,0.9956937436704284
video_01.MP4,81,1,2,0.4473924318949381,0.2073458212393301,0.7427969614664713,0.9953369140625
video_01.MP4,82,1,2,0.4456110000610351,0.2044415933114511,0.7382473627726237,0.995020548502604
video_01.MP4,83,1,2,0.4421497027079264,0.2040445963541666,0.7340790430704752,0.9918730559172454
video_01.MP4,84,1,2,0.4408457438151041,0.2046966552734375,0.7315089543660481,0.9928445321542244
video_01.MP4,85,1,2,0.4394881884256998,0.2044365635624638,0.727109146118164,0.9931618019386574
video_01.MP4,86,1,2,0.4388317743937174,0.2037010051586009,0.7228667577107747,0.9943709762008102
video_01.MP4,87,1,2,0.4381886482238769,0.2038889708342375,0.7177005767822265,0.9944497567635996
video_01.MP4,88,1,2,0.4373907089233398,0.2039516731544777,0.7108397801717122,0.995060560438368
video_01.MP4,89,1,2,0.4364247322082519,0.2038658565945095,0.7141034444173177,0.9961360224971064
video_01.MP4,90,1,2,0.4366843859354655,0.2028614891899956,0.7228642145792643,0.9965034767433448
video_01.MP4,91,1,2,0.4368062655131022,0.2021476604320385,0.7288251241048177,0.9972667552806712
video_01.MP4,92,1,2,0.4356910387674967,0.2006748482033058,0.7315194447835286,0.9971721507884838
video_01.MP4,93,1,2,0.4357810656229655,0.1988785213894314,0.7326801300048829,0.9970766420717592
video_01.MP4,94,1,2,0.43644806543986,0.197457617300528,0.7329135258992513,0.996901222511574
video_01.MP4,95,1,2,0.4371811866760254,0.1955015818277994,0.731455675760905,0.9977576361762152
video_01.MP4,96,1,2,0.4384370803833007,0.1940318496138961,0.7276971181233723,0.9981081362123844
video_01.MP4,97,1,2,0.4405930836995442,0.193279958654333,0.7245709737141927,0.9982042100694444
video_01.MP4,98,1,2,0.4428875923156738,0.1930314805772569,0.723407236735026,0.9988025806568288
video_01.MP4,99,1,2,0.4467610041300455,0.1927981341326678,0.7229243596394856,0.9992543538411458
video_01.MP4,100,1,2,0.4503803888956705,0.1930213928222656,0.7244880676269532,0.9990524857132524
video_01.MP4,101,1,2,0.453457228342692,0.1935760074191623,0.728312619527181,0.998820326063368
video_01.MP4,102,1,2,0.456973393758138,0.1937861407244647,0.7334981918334961,0.99876629864728
video_01.MP4,103,1,2,0.4606444358825683,0.1919350800690827,0.7417631149291992,0.9984020091869212
video_01.MP4,104,1,2,0.4641810735066732,0.1898489916766131,0.750222905476888,0.9957061767578124
video_01.MP4,105,1,2,0.46705322265625,0.1851061926947699,0.7601923624674479,0.9942882396556711
video_01.MP4,106,1,2,0.4699725786844889,0.1787160520200376,0.7720860799153646,0.9937949851707176
video_01.MP4,107,1,2,0.4726697285970052,0.1706756026656539,0.7831439971923828,0.9927636040581598
video_01.MP4,108,1,2,0.4743565877278646,0.1628229353162977,0.7950308481852214,0.9919184932002316
video_01.MP4,109,1,2,0.475888729095459,0.1538760997630931,0.8071999231974284,0.9918652569806136
video_01.MP4,110,1,2,0.477375316619873,0.1453095330132378,0.8199901580810547,0.9920761673538772
video_01.MP4,111,1,2,0.4799412727355957,0.1374852922227647,0.8318825403849284,0.9922292073567708
video_01.MP4,112,1,2,0.4822781562805175,0.1301644925717954,0.8426441828409831,0.993743783456308
video_01.MP4,113,1,2,0.4835968653361002,0.1254786314787688,0.8530440012613932,0.994608109085648
video_01.MP4,114,1,2,0.484686533610026,0.1220270368787977,0.8643543879191081,0.9946424696180556
video_01.MP4,115,1,2,0.4853691736857096,0.1204678288212529,0.8737663904825846,0.9951018156828704
video_01.MP4,116,1,2,0.4863700230916341,0.1195604253698278,0.8829028447469075,0.9957979555483216
video_01.MP4,117,1,2,0.4873606363932292,0.1181447982788086,0.8914831797281901,0.9967091878255208
video_01.MP4,118,1,2,0.4880996386210123,0.1174658174867983,0.8990702946980794,0.9960704662181712
video_01.MP4,119,1,2,0.4886476516723633,0.1167365603976779,0.9071439107259116,0.9948072645399304
video_01.MP4,120,1,2,0.4901111920674642,0.1137152565850151,0.912055206298828,0.9926258228443288
video_01.MP4,121,1,2,0.4876051902770996,0.1084892202306676,0.9201866149902344,0.9941149676287616
video_01.MP4,122,1,2,0.4867508888244629,0.0970173235292787,0.9262557983398436,0.9898944996021412
video_01.MP4,123,1,2,0.4897691408793131,0.079699671709979,0.9307554244995118,0.9876968948929398
video_01.MP4,124,1,2,0.4935481707255045,0.061251237657335,0.9355835596720378,0.9869304515697338
video_01.MP4,125,1,2,0.4965443929036458,0.0354598928380895,0.9427848815917969,0.9882517496744792
video_01.MP4,126,1,2,0.4991912841796875,0.013179847046181,0.9499345143636068,0.9876566569010417
video_01.MP4,127,1,2,0.5019382476806641,0.0,0.9579013824462892,0.9883437545211228
video_01.MP4,128,1,2,0.5045015652974446,0.0,0.9664791742960612,0.9885842782479746
video_01.MP4,129,1,2,0.5073066711425781,0.0,0.9754788716634114,0.9883098461009838
video_01.MP4,130,1,2,0.5115138053894043,0.0,0.9840225219726564,0.9888949924045138
video_01.MP4,131,1,2,0.5157786687215169,0.0,0.995001983642578,0.9878649676287616
video_01.MP4,132,1,2,0.5215214411417644,0.0,1.0,0.9877024332682292
video_01.MP4,133,1,2,0.5298977533976237,0.0008990777311501,1.0,0.987295984338831
video_01.MP4,134,1,2,0.540639050801595,0.0030823910677874,1.0,0.9870581732855904
video_01.MP4,135,1,2,0.550796381632487,0.0034130156040191,1.0,0.9868072509765624
video_01.MP4,136,1,2,0.5662485758463541,0.0027097339983339,1.0,0.9853705512152776
video_01.MP4,137,1,2,0.5865552266438802,0.001359294741242,1.0,0.9844948097511574
video_01.MP4,138,1,2,0.6091517130533854,0.0,1.0,0.9813068531177662
video_01.MP4,139,1,2,0.6320721308390299,0.0,1.0,0.9757508454499422
video_01.MP4,140,1,2,0.6562721252441406,0.0,1.0,0.9740107783564816
video_01.MP4,141,1,2,0.6764286677042644,0.0,0.999413808186849,0.9738035979094328
video_01.MP4,142,1,2,0.694195556640625,0.0003415812496785,0.9986066818237304,0.9754536946614584
